Location,Indicator,Period,First Tooltip
Afghanistan,Number of malaria positive cases by rapid diagnostic test (RDT),2020,66 372
Afghanistan,Number of malaria positive cases by rapid diagnostic test (RDT),2019,102 471
Afghanistan,Number of malaria positive cases by rapid diagnostic test (RDT),2018,143 729
Afghanistan,Number of malaria positive cases by rapid diagnostic test (RDT),2017,118 220
Afghanistan,Number of malaria positive cases by rapid diagnostic test (RDT),2016,89 705
Afghanistan,Number of malaria positive cases by rapid diagnostic test (RDT),2015,16 482
Afghanistan,Number of malaria positive cases by rapid diagnostic test (RDT),2014,22 558
Afghanistan,Number of malaria positive cases by rapid diagnostic test (RDT),2013,6 851
Afghanistan,Number of malaria positive cases by rapid diagnostic test (RDT),2010,401
Angola,Number of malaria positive cases by rapid diagnostic test (RDT),2020,4 239 539
Angola,Number of malaria positive cases by rapid diagnostic test (RDT),2019,4 497 593
Angola,Number of malaria positive cases by rapid diagnostic test (RDT),2018,2 708 075
Angola,Number of malaria positive cases by rapid diagnostic test (RDT),2017,1 675 082
Angola,Number of malaria positive cases by rapid diagnostic test (RDT),2016,1 736 125
Angola,Number of malaria positive cases by rapid diagnostic test (RDT),2015,1 372 532
Angola,Number of malaria positive cases by rapid diagnostic test (RDT),2014,867 666
Angola,Number of malaria positive cases by rapid diagnostic test (RDT),2013,536 927
Angola,Number of malaria positive cases by rapid diagnostic test (RDT),2012,440 271
Angola,Number of malaria positive cases by rapid diagnostic test (RDT),2011,484 809
Angola,Number of malaria positive cases by rapid diagnostic test (RDT),2010,358 606
Argentina,Number of malaria positive cases by rapid diagnostic test (RDT),2017,2
Bangladesh,Number of malaria positive cases by rapid diagnostic test (RDT),2020,5 868
Bangladesh,Number of malaria positive cases by rapid diagnostic test (RDT),2019,15 914
Bangladesh,Number of malaria positive cases by rapid diagnostic test (RDT),2018,9 388
Bangladesh,Number of malaria positive cases by rapid diagnostic test (RDT),2017,25 922
Bangladesh,Number of malaria positive cases by rapid diagnostic test (RDT),2016,24 520
Bangladesh,Number of malaria positive cases by rapid diagnostic test (RDT),2015,33 098
Bangladesh,Number of malaria positive cases by rapid diagnostic test (RDT),2014,43 852
Bangladesh,Number of malaria positive cases by rapid diagnostic test (RDT),2013,19 588
Bangladesh,Number of malaria positive cases by rapid diagnostic test (RDT),2012,19 617
Bangladesh,Number of malaria positive cases by rapid diagnostic test (RDT),2011,31 541
Bangladesh,Number of malaria positive cases by rapid diagnostic test (RDT),2010,35 354
Belize,Number of malaria positive cases by rapid diagnostic test (RDT),2020,0
Belize,Number of malaria positive cases by rapid diagnostic test (RDT),2017,3
Belize,Number of malaria positive cases by rapid diagnostic test (RDT),2015,5
Benin,Number of malaria positive cases by rapid diagnostic test (RDT),2020,2 273 685
Benin,Number of malaria positive cases by rapid diagnostic test (RDT),2019,2 601 360
Benin,Number of malaria positive cases by rapid diagnostic test (RDT),2018,1 717 293
Benin,Number of malaria positive cases by rapid diagnostic test (RDT),2017,1 725 089
Benin,Number of malaria positive cases by rapid diagnostic test (RDT),2016,1 506 189
Benin,Number of malaria positive cases by rapid diagnostic test (RDT),2015,1 613 565
Benin,Number of malaria positive cases by rapid diagnostic test (RDT),2014,1 200 524
Benin,Number of malaria positive cases by rapid diagnostic test (RDT),2013,991 234
Benin,Number of malaria positive cases by rapid diagnostic test (RDT),2012,705 839
Benin,Number of malaria positive cases by rapid diagnostic test (RDT),2011,354 223
Bhutan,Number of malaria positive cases by rapid diagnostic test (RDT),2020,8
Bhutan,Number of malaria positive cases by rapid diagnostic test (RDT),2019,37
Bhutan,Number of malaria positive cases by rapid diagnostic test (RDT),2018,5
Bhutan,Number of malaria positive cases by rapid diagnostic test (RDT),2016,15
Bhutan,Number of malaria positive cases by rapid diagnostic test (RDT),2015,20
Bolivia (Plurinational State of),Number of malaria positive cases by rapid diagnostic test (RDT),2020,3 680
Bolivia (Plurinational State of),Number of malaria positive cases by rapid diagnostic test (RDT),2019,1 239
Bolivia (Plurinational State of),Number of malaria positive cases by rapid diagnostic test (RDT),2018,93
Bolivia (Plurinational State of),Number of malaria positive cases by rapid diagnostic test (RDT),2017,253
Bolivia (Plurinational State of),Number of malaria positive cases by rapid diagnostic test (RDT),2013,1 070
Bolivia (Plurinational State of),Number of malaria positive cases by rapid diagnostic test (RDT),2012,1 122
Bolivia (Plurinational State of),Number of malaria positive cases by rapid diagnostic test (RDT),2011,1 035
Bolivia (Plurinational State of),Number of malaria positive cases by rapid diagnostic test (RDT),2010,1 517
Botswana,Number of malaria positive cases by rapid diagnostic test (RDT),2020,953
Botswana,Number of malaria positive cases by rapid diagnostic test (RDT),2019,272
Botswana,Number of malaria positive cases by rapid diagnostic test (RDT),2018,585
Botswana,Number of malaria positive cases by rapid diagnostic test (RDT),2017,1 909
Botswana,Number of malaria positive cases by rapid diagnostic test (RDT),2016,723
Botswana,Number of malaria positive cases by rapid diagnostic test (RDT),2015,332
Botswana,Number of malaria positive cases by rapid diagnostic test (RDT),2014,1 346
Botswana,Number of malaria positive cases by rapid diagnostic test (RDT),2013,456
Botswana,Number of malaria positive cases by rapid diagnostic test (RDT),2012,193
Brazil,Number of malaria positive cases by rapid diagnostic test (RDT),2020,17 785
Brazil,Number of malaria positive cases by rapid diagnostic test (RDT),2019,10 586
Brazil,Number of malaria positive cases by rapid diagnostic test (RDT),2018,12 606
Brazil,Number of malaria positive cases by rapid diagnostic test (RDT),2017,9 549
Brazil,Number of malaria positive cases by rapid diagnostic test (RDT),2016,5 034
Brazil,Number of malaria positive cases by rapid diagnostic test (RDT),2015,3 318
Brazil,Number of malaria positive cases by rapid diagnostic test (RDT),2014,1 384
Brazil,Number of malaria positive cases by rapid diagnostic test (RDT),2013,3 719
Brazil,Number of malaria positive cases by rapid diagnostic test (RDT),2012,4 780
Brazil,Number of malaria positive cases by rapid diagnostic test (RDT),2011,433
Burkina Faso,Number of malaria positive cases by rapid diagnostic test (RDT),2020,10 519 323
Burkina Faso,Number of malaria positive cases by rapid diagnostic test (RDT),2019,5 824 844
Burkina Faso,Number of malaria positive cases by rapid diagnostic test (RDT),2018,10 221 981
Burkina Faso,Number of malaria positive cases by rapid diagnostic test (RDT),2017,10 510 849
Burkina Faso,Number of malaria positive cases by rapid diagnostic test (RDT),2016,9 699 334
Burkina Faso,Number of malaria positive cases by rapid diagnostic test (RDT),2015,6 922 857
Burkina Faso,Number of malaria positive cases by rapid diagnostic test (RDT),2014,5 345 396
Burkina Faso,Number of malaria positive cases by rapid diagnostic test (RDT),2013,3 686 176
Burkina Faso,Number of malaria positive cases by rapid diagnostic test (RDT),2012,3 767 957
Burkina Faso,Number of malaria positive cases by rapid diagnostic test (RDT),2011,344 256
Burkina Faso,Number of malaria positive cases by rapid diagnostic test (RDT),2010,715 999
Burundi,Number of malaria positive cases by rapid diagnostic test (RDT),2020,3 963 662
Burundi,Number of malaria positive cases by rapid diagnostic test (RDT),2019,8 200 522
Burundi,Number of malaria positive cases by rapid diagnostic test (RDT),2018,3 818 195
Burundi,Number of malaria positive cases by rapid diagnostic test (RDT),2017,6 526 121
Burundi,Number of malaria positive cases by rapid diagnostic test (RDT),2016,6 272 554
Burundi,Number of malaria positive cases by rapid diagnostic test (RDT),2015,3 463 848
Burundi,Number of malaria positive cases by rapid diagnostic test (RDT),2014,2 007 908
Burundi,Number of malaria positive cases by rapid diagnostic test (RDT),2013,1 812 204
Burundi,Number of malaria positive cases by rapid diagnostic test (RDT),2012,682 014
Burundi,Number of malaria positive cases by rapid diagnostic test (RDT),2011,89 905
Burundi,Number of malaria positive cases by rapid diagnostic test (RDT),2010,163 539
Cote d'Ivoire,Number of malaria positive cases by rapid diagnostic test (RDT),2020,4 048 013
Cote d'Ivoire,Number of malaria positive cases by rapid diagnostic test (RDT),2019,5 016 807
Cote d'Ivoire,Number of malaria positive cases by rapid diagnostic test (RDT),2018,4 070 353
Cote d'Ivoire,Number of malaria positive cases by rapid diagnostic test (RDT),2017,3 445 812
Cote d'Ivoire,Number of malaria positive cases by rapid diagnostic test (RDT),2016,3 174 938
Cote d'Ivoire,Number of malaria positive cases by rapid diagnostic test (RDT),2015,2 897 034
Cote d'Ivoire,Number of malaria positive cases by rapid diagnostic test (RDT),2014,3 405 905
Cote d'Ivoire,Number of malaria positive cases by rapid diagnostic test (RDT),2013,2 309 222
Cote d'Ivoire,Number of malaria positive cases by rapid diagnostic test (RDT),2012,1 033 064
Cabo Verde,Number of malaria positive cases by rapid diagnostic test (RDT),2020,0
Cabo Verde,Number of malaria positive cases by rapid diagnostic test (RDT),2019,40
Cabo Verde,Number of malaria positive cases by rapid diagnostic test (RDT),2011,36
Cambodia,Number of malaria positive cases by rapid diagnostic test (RDT),2020,15 182
Cambodia,Number of malaria positive cases by rapid diagnostic test (RDT),2019,29 562
Cambodia,Number of malaria positive cases by rapid diagnostic test (RDT),2018,54 264
Cambodia,Number of malaria positive cases by rapid diagnostic test (RDT),2017,70 896
Cambodia,Number of malaria positive cases by rapid diagnostic test (RDT),2016,39 685
Cambodia,Number of malaria positive cases by rapid diagnostic test (RDT),2015,60 686
Cambodia,Number of malaria positive cases by rapid diagnostic test (RDT),2014,63 890
Cambodia,Number of malaria positive cases by rapid diagnostic test (RDT),2013,39 471
Cambodia,Number of malaria positive cases by rapid diagnostic test (RDT),2012,59 427
Cambodia,Number of malaria positive cases by rapid diagnostic test (RDT),2011,93 113
Cambodia,Number of malaria positive cases by rapid diagnostic test (RDT),2010,82 187
Cameroon,Number of malaria positive cases by rapid diagnostic test (RDT),2020,1 933 546
Cameroon,Number of malaria positive cases by rapid diagnostic test (RDT),2019,1 722 188
Cameroon,Number of malaria positive cases by rapid diagnostic test (RDT),2018,1 828 745
Cameroon,Number of malaria positive cases by rapid diagnostic test (RDT),2017,1 854 658
Cameroon,Number of malaria positive cases by rapid diagnostic test (RDT),2016,1 665 786
Cameroon,Number of malaria positive cases by rapid diagnostic test (RDT),2015,600 930
Cameroon,Number of malaria positive cases by rapid diagnostic test (RDT),2013,42 581
Cameroon,Number of malaria positive cases by rapid diagnostic test (RDT),2012,66 656
Cameroon,Number of malaria positive cases by rapid diagnostic test (RDT),2011,17 874
Central African Republic,Number of malaria positive cases by rapid diagnostic test (RDT),2020,1 563 228
Central African Republic,Number of malaria positive cases by rapid diagnostic test (RDT),2019,2 220 547
Central African Republic,Number of malaria positive cases by rapid diagnostic test (RDT),2018,854 852
Central African Republic,Number of malaria positive cases by rapid diagnostic test (RDT),2017,383 058
Central African Republic,Number of malaria positive cases by rapid diagnostic test (RDT),2016,1 094 393
Central African Republic,Number of malaria positive cases by rapid diagnostic test (RDT),2015,492 309
Central African Republic,Number of malaria positive cases by rapid diagnostic test (RDT),2014,253 652
Central African Republic,Number of malaria positive cases by rapid diagnostic test (RDT),2013,126 758
Central African Republic,Number of malaria positive cases by rapid diagnostic test (RDT),2012,87 566
Chad,Number of malaria positive cases by rapid diagnostic test (RDT),2020,1 350 378
Chad,Number of malaria positive cases by rapid diagnostic test (RDT),2019,1 480 402
Chad,Number of malaria positive cases by rapid diagnostic test (RDT),2018,1 227 205
Chad,Number of malaria positive cases by rapid diagnostic test (RDT),2017,898 018
Chad,Number of malaria positive cases by rapid diagnostic test (RDT),2016,574 003
Chad,Number of malaria positive cases by rapid diagnostic test (RDT),2015,637 472
Chad,Number of malaria positive cases by rapid diagnostic test (RDT),2014,753 772
Chad,Number of malaria positive cases by rapid diagnostic test (RDT),2013,548 483
Chad,Number of malaria positive cases by rapid diagnostic test (RDT),2011,94 778
Chad,Number of malaria positive cases by rapid diagnostic test (RDT),2010,125 106
Colombia,Number of malaria positive cases by rapid diagnostic test (RDT),2020,3 541
Colombia,Number of malaria positive cases by rapid diagnostic test (RDT),2019,3 703
Colombia,Number of malaria positive cases by rapid diagnostic test (RDT),2018,3 407
Colombia,Number of malaria positive cases by rapid diagnostic test (RDT),2017,5 056
Colombia,Number of malaria positive cases by rapid diagnostic test (RDT),2016,5 655
Colombia,Number of malaria positive cases by rapid diagnostic test (RDT),2015,3 535
Colombia,Number of malaria positive cases by rapid diagnostic test (RDT),2014,4 602
Colombia,Number of malaria positive cases by rapid diagnostic test (RDT),2013,7 403
Colombia,Number of malaria positive cases by rapid diagnostic test (RDT),2012,9 241
Colombia,Number of malaria positive cases by rapid diagnostic test (RDT),2011,4 188
Colombia,Number of malaria positive cases by rapid diagnostic test (RDT),2010,13
Comoros,Number of malaria positive cases by rapid diagnostic test (RDT),2020,1 207
Comoros,Number of malaria positive cases by rapid diagnostic test (RDT),2018,6 416
Comoros,Number of malaria positive cases by rapid diagnostic test (RDT),2017,2 571
Comoros,Number of malaria positive cases by rapid diagnostic test (RDT),2016,908
Comoros,Number of malaria positive cases by rapid diagnostic test (RDT),2015,921
Comoros,Number of malaria positive cases by rapid diagnostic test (RDT),2014,216
Comoros,Number of malaria positive cases by rapid diagnostic test (RDT),2013,7 026
Comoros,Number of malaria positive cases by rapid diagnostic test (RDT),2012,4 333
Comoros,Number of malaria positive cases by rapid diagnostic test (RDT),2011,2 578
Comoros,Number of malaria positive cases by rapid diagnostic test (RDT),2010,1 339
Congo,Number of malaria positive cases by rapid diagnostic test (RDT),2020,36 190
Congo,Number of malaria positive cases by rapid diagnostic test (RDT),2016,37 235
Congo,Number of malaria positive cases by rapid diagnostic test (RDT),2014,11 800
Costa Rica,Number of malaria positive cases by rapid diagnostic test (RDT),2020,93
Costa Rica,Number of malaria positive cases by rapid diagnostic test (RDT),2018,44
Costa Rica,Number of malaria positive cases by rapid diagnostic test (RDT),2017,3
Costa Rica,Number of malaria positive cases by rapid diagnostic test (RDT),2016,2
Costa Rica,Number of malaria positive cases by rapid diagnostic test (RDT),2015,3
Democratic People's Republic of Korea,Number of malaria positive cases by rapid diagnostic test (RDT),2020,657
Democratic People's Republic of Korea,Number of malaria positive cases by rapid diagnostic test (RDT),2019,983
Democratic People's Republic of Korea,Number of malaria positive cases by rapid diagnostic test (RDT),2018,252
Democratic People's Republic of Korea,Number of malaria positive cases by rapid diagnostic test (RDT),2017,140
Democratic People's Republic of Korea,Number of malaria positive cases by rapid diagnostic test (RDT),2016,143
Democratic People's Republic of Korea,Number of malaria positive cases by rapid diagnostic test (RDT),2015,12
Democratic Republic of the Congo,Number of malaria positive cases by rapid diagnostic test (RDT),2020,21 376 223
Democratic Republic of the Congo,Number of malaria positive cases by rapid diagnostic test (RDT),2019,20 480 310
Democratic Republic of the Congo,Number of malaria positive cases by rapid diagnostic test (RDT),2018,15 976 630
Democratic Republic of the Congo,Number of malaria positive cases by rapid diagnostic test (RDT),2017,15 501 285
Democratic Republic of the Congo,Number of malaria positive cases by rapid diagnostic test (RDT),2016,14 973 987
Democratic Republic of the Congo,Number of malaria positive cases by rapid diagnostic test (RDT),2015,10 636 165
Democratic Republic of the Congo,Number of malaria positive cases by rapid diagnostic test (RDT),2014,8 161 965
Democratic Republic of the Congo,Number of malaria positive cases by rapid diagnostic test (RDT),2013,4 108 409
Democratic Republic of the Congo,Number of malaria positive cases by rapid diagnostic test (RDT),2012,2 134 734
Democratic Republic of the Congo,Number of malaria positive cases by rapid diagnostic test (RDT),2011,1 861 163
Democratic Republic of the Congo,Number of malaria positive cases by rapid diagnostic test (RDT),2010,42 850
Djibouti,Number of malaria positive cases by rapid diagnostic test (RDT),2020,73 535
Djibouti,Number of malaria positive cases by rapid diagnostic test (RDT),2019,49 402
Djibouti,Number of malaria positive cases by rapid diagnostic test (RDT),2018,25 319
Djibouti,Number of malaria positive cases by rapid diagnostic test (RDT),2017,13 527
Djibouti,Number of malaria positive cases by rapid diagnostic test (RDT),2016,11 542
Djibouti,Number of malaria positive cases by rapid diagnostic test (RDT),2015,7 709
Djibouti,Number of malaria positive cases by rapid diagnostic test (RDT),2012,3
Dominican Republic,Number of malaria positive cases by rapid diagnostic test (RDT),2019,1 313
Dominican Republic,Number of malaria positive cases by rapid diagnostic test (RDT),2018,221
Dominican Republic,Number of malaria positive cases by rapid diagnostic test (RDT),2017,74
Dominican Republic,Number of malaria positive cases by rapid diagnostic test (RDT),2016,80
Dominican Republic,Number of malaria positive cases by rapid diagnostic test (RDT),2015,129
Dominican Republic,Number of malaria positive cases by rapid diagnostic test (RDT),2010,932
Ecuador,Number of malaria positive cases by rapid diagnostic test (RDT),2020,383
Ecuador,Number of malaria positive cases by rapid diagnostic test (RDT),2019,481
Ecuador,Number of malaria positive cases by rapid diagnostic test (RDT),2018,217
Ecuador,Number of malaria positive cases by rapid diagnostic test (RDT),2017,6
Ecuador,Number of malaria positive cases by rapid diagnostic test (RDT),2016,5
Ecuador,Number of malaria positive cases by rapid diagnostic test (RDT),2015,6
El Salvador,Number of malaria positive cases by rapid diagnostic test (RDT),2018,1
El Salvador,Number of malaria positive cases by rapid diagnostic test (RDT),2011,1
Equatorial Guinea,Number of malaria positive cases by rapid diagnostic test (RDT),2019,11 117
Equatorial Guinea,Number of malaria positive cases by rapid diagnostic test (RDT),2018,4 827
Equatorial Guinea,Number of malaria positive cases by rapid diagnostic test (RDT),2017,8 925
Equatorial Guinea,Number of malaria positive cases by rapid diagnostic test (RDT),2016,22 091
Equatorial Guinea,Number of malaria positive cases by rapid diagnostic test (RDT),2015,6 578
Equatorial Guinea,Number of malaria positive cases by rapid diagnostic test (RDT),2014,2 732
Equatorial Guinea,Number of malaria positive cases by rapid diagnostic test (RDT),2013,5 170
Equatorial Guinea,Number of malaria positive cases by rapid diagnostic test (RDT),2012,1 973
Equatorial Guinea,Number of malaria positive cases by rapid diagnostic test (RDT),2011,1 865
Equatorial Guinea,Number of malaria positive cases by rapid diagnostic test (RDT),2010,14 177
Eritrea,Number of malaria positive cases by rapid diagnostic test (RDT),2020,56 105
Eritrea,Number of malaria positive cases by rapid diagnostic test (RDT),2019,75 761
Eritrea,Number of malaria positive cases by rapid diagnostic test (RDT),2018,36 115
Eritrea,Number of malaria positive cases by rapid diagnostic test (RDT),2017,39 486
Eritrea,Number of malaria positive cases by rapid diagnostic test (RDT),2015,19 704
Eritrea,Number of malaria positive cases by rapid diagnostic test (RDT),2014,39 541
Eritrea,Number of malaria positive cases by rapid diagnostic test (RDT),2013,10 427
Eritrea,Number of malaria positive cases by rapid diagnostic test (RDT),2012,10 258
Eritrea,Number of malaria positive cases by rapid diagnostic test (RDT),2011,19 540
Eritrea,Number of malaria positive cases by rapid diagnostic test (RDT),2010,22 088
Eswatini,Number of malaria positive cases by rapid diagnostic test (RDT),2020,204
Eswatini,Number of malaria positive cases by rapid diagnostic test (RDT),2019,243
Eswatini,Number of malaria positive cases by rapid diagnostic test (RDT),2017,1 594
Eswatini,Number of malaria positive cases by rapid diagnostic test (RDT),2016,458
Eswatini,Number of malaria positive cases by rapid diagnostic test (RDT),2015,452
Eswatini,Number of malaria positive cases by rapid diagnostic test (RDT),2013,474
Eswatini,Number of malaria positive cases by rapid diagnostic test (RDT),2012,217
Eswatini,Number of malaria positive cases by rapid diagnostic test (RDT),2011,419
Eswatini,Number of malaria positive cases by rapid diagnostic test (RDT),2010,181
Gabon,Number of malaria positive cases by rapid diagnostic test (RDT),2020,20 310
Gabon,Number of malaria positive cases by rapid diagnostic test (RDT),2019,21 998
Gabon,Number of malaria positive cases by rapid diagnostic test (RDT),2018,23 607
Gabon,Number of malaria positive cases by rapid diagnostic test (RDT),2017,6 947
Gabon,Number of malaria positive cases by rapid diagnostic test (RDT),2016,1 496
Gabon,Number of malaria positive cases by rapid diagnostic test (RDT),2015,3 477
Gabon,Number of malaria positive cases by rapid diagnostic test (RDT),2014,4 213
Gabon,Number of malaria positive cases by rapid diagnostic test (RDT),2013,2 550
Gabon,Number of malaria positive cases by rapid diagnostic test (RDT),2012,1 059
Gabon,Number of malaria positive cases by rapid diagnostic test (RDT),2010,1 120
Gambia,Number of malaria positive cases by rapid diagnostic test (RDT),2020,53 575
Gambia,Number of malaria positive cases by rapid diagnostic test (RDT),2019,42 404
Gambia,Number of malaria positive cases by rapid diagnostic test (RDT),2018,72 938
Gambia,Number of malaria positive cases by rapid diagnostic test (RDT),2017,66 697
Gambia,Number of malaria positive cases by rapid diagnostic test (RDT),2016,136 342
Gambia,Number of malaria positive cases by rapid diagnostic test (RDT),2015,196 699
Gambia,Number of malaria positive cases by rapid diagnostic test (RDT),2014,102 003
Gambia,Number of malaria positive cases by rapid diagnostic test (RDT),2013,176 847
Gambia,Number of malaria positive cases by rapid diagnostic test (RDT),2012,284 144
Gambia,Number of malaria positive cases by rapid diagnostic test (RDT),2011,196 432
Gambia,Number of malaria positive cases by rapid diagnostic test (RDT),2010,64 108
Ghana,Number of malaria positive cases by rapid diagnostic test (RDT),2020,4 046 554
Ghana,Number of malaria positive cases by rapid diagnostic test (RDT),2019,4 954 841
Ghana,Number of malaria positive cases by rapid diagnostic test (RDT),2018,3 826 106
Ghana,Number of malaria positive cases by rapid diagnostic test (RDT),2017,5 913 356
Ghana,Number of malaria positive cases by rapid diagnostic test (RDT),2016,4 239 967
Ghana,Number of malaria positive cases by rapid diagnostic test (RDT),2015,4 722 792
Ghana,Number of malaria positive cases by rapid diagnostic test (RDT),2014,2 445 464
Ghana,Number of malaria positive cases by rapid diagnostic test (RDT),2013,921 744
Ghana,Number of malaria positive cases by rapid diagnostic test (RDT),2012,783 467
Ghana,Number of malaria positive cases by rapid diagnostic test (RDT),2011,416 504
Ghana,Number of malaria positive cases by rapid diagnostic test (RDT),2010,42 253
Guatemala,Number of malaria positive cases by rapid diagnostic test (RDT),2020,292
Guatemala,Number of malaria positive cases by rapid diagnostic test (RDT),2019,1 309
Guatemala,Number of malaria positive cases by rapid diagnostic test (RDT),2018,1 748
Guatemala,Number of malaria positive cases by rapid diagnostic test (RDT),2017,2 078
Guatemala,Number of malaria positive cases by rapid diagnostic test (RDT),2016,1
Guatemala,Number of malaria positive cases by rapid diagnostic test (RDT),2015,1 298
Guinea,Number of malaria positive cases by rapid diagnostic test (RDT),2020,1 891 408
Guinea,Number of malaria positive cases by rapid diagnostic test (RDT),2019,2 030 259
Guinea,Number of malaria positive cases by rapid diagnostic test (RDT),2018,1 137 877
Guinea,Number of malaria positive cases by rapid diagnostic test (RDT),2017,1 271 112
Guinea,Number of malaria positive cases by rapid diagnostic test (RDT),2016,938 341
Guinea,Number of malaria positive cases by rapid diagnostic test (RDT),2015,758 768
Guinea,Number of malaria positive cases by rapid diagnostic test (RDT),2014,577 389
Guinea,Number of malaria positive cases by rapid diagnostic test (RDT),2013,147 904
Guinea,Number of malaria positive cases by rapid diagnostic test (RDT),2012,148 837
Guinea,Number of malaria positive cases by rapid diagnostic test (RDT),2011,90 124
Guinea-Bissau,Number of malaria positive cases by rapid diagnostic test (RDT),2019,115 232
Guinea-Bissau,Number of malaria positive cases by rapid diagnostic test (RDT),2018,125 511
Guinea-Bissau,Number of malaria positive cases by rapid diagnostic test (RDT),2017,98 849
Guinea-Bissau,Number of malaria positive cases by rapid diagnostic test (RDT),2016,103 457
Guinea-Bissau,Number of malaria positive cases by rapid diagnostic test (RDT),2015,104 296
Guinea-Bissau,Number of malaria positive cases by rapid diagnostic test (RDT),2014,61 878
Guinea-Bissau,Number of malaria positive cases by rapid diagnostic test (RDT),2013,36 851
Guinea-Bissau,Number of malaria positive cases by rapid diagnostic test (RDT),2012,26 834
Guinea-Bissau,Number of malaria positive cases by rapid diagnostic test (RDT),2011,50 662
Guinea-Bissau,Number of malaria positive cases by rapid diagnostic test (RDT),2010,20 152
Guyana,Number of malaria positive cases by rapid diagnostic test (RDT),2020,10 025
Guyana,Number of malaria positive cases by rapid diagnostic test (RDT),2019,4 986
Guyana,Number of malaria positive cases by rapid diagnostic test (RDT),2018,3 570
Guyana,Number of malaria positive cases by rapid diagnostic test (RDT),2017,242
Guyana,Number of malaria positive cases by rapid diagnostic test (RDT),2016,1 724
Guyana,Number of malaria positive cases by rapid diagnostic test (RDT),2012,55
Guyana,Number of malaria positive cases by rapid diagnostic test (RDT),2011,35
Haiti,Number of malaria positive cases by rapid diagnostic test (RDT),2020,21 541
Haiti,Number of malaria positive cases by rapid diagnostic test (RDT),2019,9 922
Haiti,Number of malaria positive cases by rapid diagnostic test (RDT),2018,8 232
Haiti,Number of malaria positive cases by rapid diagnostic test (RDT),2017,18 309
Haiti,Number of malaria positive cases by rapid diagnostic test (RDT),2016,23 325
Haiti,Number of malaria positive cases by rapid diagnostic test (RDT),2015,12 702
Haiti,Number of malaria positive cases by rapid diagnostic test (RDT),2014,6 803
Honduras,Number of malaria positive cases by rapid diagnostic test (RDT),2020,539
Honduras,Number of malaria positive cases by rapid diagnostic test (RDT),2019,193
Honduras,Number of malaria positive cases by rapid diagnostic test (RDT),2018,454
Honduras,Number of malaria positive cases by rapid diagnostic test (RDT),2017,263
Honduras,Number of malaria positive cases by rapid diagnostic test (RDT),2016,657
Honduras,Number of malaria positive cases by rapid diagnostic test (RDT),2015,79
Honduras,Number of malaria positive cases by rapid diagnostic test (RDT),2014,102
Honduras,Number of malaria positive cases by rapid diagnostic test (RDT),2013,64
Honduras,Number of malaria positive cases by rapid diagnostic test (RDT),2012,10
Honduras,Number of malaria positive cases by rapid diagnostic test (RDT),2011,45
India,Number of malaria positive cases by rapid diagnostic test (RDT),2020,121 064
India,Number of malaria positive cases by rapid diagnostic test (RDT),2019,205 744
India,Number of malaria positive cases by rapid diagnostic test (RDT),2018,199 496
India,Number of malaria positive cases by rapid diagnostic test (RDT),2017,537 790
Indonesia,Number of malaria positive cases by rapid diagnostic test (RDT),2020,61 286
Indonesia,Number of malaria positive cases by rapid diagnostic test (RDT),2019,37 649
Indonesia,Number of malaria positive cases by rapid diagnostic test (RDT),2018,31 563
Iran (Islamic Republic of),Number of malaria positive cases by rapid diagnostic test (RDT),2020,516
Iran (Islamic Republic of),Number of malaria positive cases by rapid diagnostic test (RDT),2019,1 089
Iran (Islamic Republic of),Number of malaria positive cases by rapid diagnostic test (RDT),2018,436
Kenya,Number of malaria positive cases by rapid diagnostic test (RDT),2020,2 012 522
Kenya,Number of malaria positive cases by rapid diagnostic test (RDT),2019,362 687
Kenya,Number of malaria positive cases by rapid diagnostic test (RDT),2018,1 490 143
Kenya,Number of malaria positive cases by rapid diagnostic test (RDT),2017,1 391 361
Kenya,Number of malaria positive cases by rapid diagnostic test (RDT),2016,1 495 751
Kenya,Number of malaria positive cases by rapid diagnostic test (RDT),2015,1 015 769
Kenya,Number of malaria positive cases by rapid diagnostic test (RDT),2014,435 605
Kenya,Number of malaria positive cases by rapid diagnostic test (RDT),2013,314 521
Kenya,Number of malaria positive cases by rapid diagnostic test (RDT),2012,26 752
Kyrgyzstan,Number of malaria positive cases by rapid diagnostic test (RDT),2017,0
Kyrgyzstan,Number of malaria positive cases by rapid diagnostic test (RDT),2016,0
Kyrgyzstan,Number of malaria positive cases by rapid diagnostic test (RDT),2015,0
Lao People's Democratic Republic,Number of malaria positive cases by rapid diagnostic test (RDT),2020,3 201
Lao People's Democratic Republic,Number of malaria positive cases by rapid diagnostic test (RDT),2019,5 794
Lao People's Democratic Republic,Number of malaria positive cases by rapid diagnostic test (RDT),2018,7 945
Lao People's Democratic Republic,Number of malaria positive cases by rapid diagnostic test (RDT),2017,6 860
Lao People's Democratic Republic,Number of malaria positive cases by rapid diagnostic test (RDT),2016,13 142
Lao People's Democratic Republic,Number of malaria positive cases by rapid diagnostic test (RDT),2015,29 880
Lao People's Democratic Republic,Number of malaria positive cases by rapid diagnostic test (RDT),2014,40 045
Lao People's Democratic Republic,Number of malaria positive cases by rapid diagnostic test (RDT),2013,28 102
Lao People's Democratic Republic,Number of malaria positive cases by rapid diagnostic test (RDT),2012,32 947
Lao People's Democratic Republic,Number of malaria positive cases by rapid diagnostic test (RDT),2011,11 309
Lao People's Democratic Republic,Number of malaria positive cases by rapid diagnostic test (RDT),2010,16 260
Liberia,Number of malaria positive cases by rapid diagnostic test (RDT),2019,590 187
Liberia,Number of malaria positive cases by rapid diagnostic test (RDT),2017,667 476
Liberia,Number of malaria positive cases by rapid diagnostic test (RDT),2016,809 356
Liberia,Number of malaria positive cases by rapid diagnostic test (RDT),2015,635 730
Liberia,Number of malaria positive cases by rapid diagnostic test (RDT),2014,578 516
Liberia,Number of malaria positive cases by rapid diagnostic test (RDT),2013,747 951
Liberia,Number of malaria positive cases by rapid diagnostic test (RDT),2012,904 662
Liberia,Number of malaria positive cases by rapid diagnostic test (RDT),2011,1 343 518
Liberia,Number of malaria positive cases by rapid diagnostic test (RDT),2010,709 246
Madagascar,Number of malaria positive cases by rapid diagnostic test (RDT),2020,1 945 396
Madagascar,Number of malaria positive cases by rapid diagnostic test (RDT),2019,964 896
Madagascar,Number of malaria positive cases by rapid diagnostic test (RDT),2018,965 390
Madagascar,Number of malaria positive cases by rapid diagnostic test (RDT),2017,980 718
Madagascar,Number of malaria positive cases by rapid diagnostic test (RDT),2016,682 290
Madagascar,Number of malaria positive cases by rapid diagnostic test (RDT),2015,934 909
Madagascar,Number of malaria positive cases by rapid diagnostic test (RDT),2014,467 071
Madagascar,Number of malaria positive cases by rapid diagnostic test (RDT),2013,428 503
Madagascar,Number of malaria positive cases by rapid diagnostic test (RDT),2012,399 233
Madagascar,Number of malaria positive cases by rapid diagnostic test (RDT),2011,221 051
Madagascar,Number of malaria positive cases by rapid diagnostic test (RDT),2010,200 277
Malawi,Number of malaria positive cases by rapid diagnostic test (RDT),2020,7 057 864
Malawi,Number of malaria positive cases by rapid diagnostic test (RDT),2019,5 153 779
Malawi,Number of malaria positive cases by rapid diagnostic test (RDT),2018,5 830 741
Malawi,Number of malaria positive cases by rapid diagnostic test (RDT),2017,4 901 344
Malawi,Number of malaria positive cases by rapid diagnostic test (RDT),2016,4 730 835
Malawi,Number of malaria positive cases by rapid diagnostic test (RDT),2015,3 585 315
Malawi,Number of malaria positive cases by rapid diagnostic test (RDT),2014,2 827 675
Malawi,Number of malaria positive cases by rapid diagnostic test (RDT),2013,1 236 391
Malawi,Number of malaria positive cases by rapid diagnostic test (RDT),2012,1 281 846
Malawi,Number of malaria positive cases by rapid diagnostic test (RDT),2011,253 973
Malaysia,Number of malaria positive cases by rapid diagnostic test (RDT),2017,60
Malaysia,Number of malaria positive cases by rapid diagnostic test (RDT),2016,47
Malaysia,Number of malaria positive cases by rapid diagnostic test (RDT),2015,48
Mali,Number of malaria positive cases by rapid diagnostic test (RDT),2020,2 124 511
Mali,Number of malaria positive cases by rapid diagnostic test (RDT),2019,2 753 524
Mali,Number of malaria positive cases by rapid diagnostic test (RDT),2018,2 043 595
Mali,Number of malaria positive cases by rapid diagnostic test (RDT),2017,2 000 545
Mali,Number of malaria positive cases by rapid diagnostic test (RDT),2016,2 075 886
Mali,Number of malaria positive cases by rapid diagnostic test (RDT),2015,2 211 357
Mali,Number of malaria positive cases by rapid diagnostic test (RDT),2014,1 820 216
Mali,Number of malaria positive cases by rapid diagnostic test (RDT),2013,1 316 603
Mali,Number of malaria positive cases by rapid diagnostic test (RDT),2012,788 487
Mali,Number of malaria positive cases by rapid diagnostic test (RDT),2011,307 035
Mali,Number of malaria positive cases by rapid diagnostic test (RDT),2010,239 787
Mauritania,Number of malaria positive cases by rapid diagnostic test (RDT),2020,12 425
Mauritania,Number of malaria positive cases by rapid diagnostic test (RDT),2019,14 869
Mauritania,Number of malaria positive cases by rapid diagnostic test (RDT),2018,30 609
Mauritania,Number of malaria positive cases by rapid diagnostic test (RDT),2017,20 105
Mauritania,Number of malaria positive cases by rapid diagnostic test (RDT),2016,29 156
Mauritania,Number of malaria positive cases by rapid diagnostic test (RDT),2015,22 631
Mauritania,Number of malaria positive cases by rapid diagnostic test (RDT),2014,15 835
Mauritania,Number of malaria positive cases by rapid diagnostic test (RDT),2013,630
Mauritania,Number of malaria positive cases by rapid diagnostic test (RDT),2012,1 633
Mauritania,Number of malaria positive cases by rapid diagnostic test (RDT),2011,1 796
Mauritania,Number of malaria positive cases by rapid diagnostic test (RDT),2010,1 085
Mexico,Number of malaria positive cases by rapid diagnostic test (RDT),2019,3
Mexico,Number of malaria positive cases by rapid diagnostic test (RDT),2017,6
Mexico,Number of malaria positive cases by rapid diagnostic test (RDT),2016,6
Mexico,Number of malaria positive cases by rapid diagnostic test (RDT),2015,7
Mozambique,Number of malaria positive cases by rapid diagnostic test (RDT),2020,10 845 525
Mozambique,Number of malaria positive cases by rapid diagnostic test (RDT),2019,11 126 910
Mozambique,Number of malaria positive cases by rapid diagnostic test (RDT),2018,9 561 037
Mozambique,Number of malaria positive cases by rapid diagnostic test (RDT),2017,9 192 319
Mozambique,Number of malaria positive cases by rapid diagnostic test (RDT),2016,9 016 176
Mozambique,Number of malaria positive cases by rapid diagnostic test (RDT),2015,7 487 064
Mozambique,Number of malaria positive cases by rapid diagnostic test (RDT),2014,6 397 679
Mozambique,Number of malaria positive cases by rapid diagnostic test (RDT),2013,2 507 281
Mozambique,Number of malaria positive cases by rapid diagnostic test (RDT),2012,967 133
Mozambique,Number of malaria positive cases by rapid diagnostic test (RDT),2011,663 132
Mozambique,Number of malaria positive cases by rapid diagnostic test (RDT),2010,878 009
Myanmar,Number of malaria positive cases by rapid diagnostic test (RDT),2020,57 009
Myanmar,Number of malaria positive cases by rapid diagnostic test (RDT),2019,55 590
Myanmar,Number of malaria positive cases by rapid diagnostic test (RDT),2018,73 941
Myanmar,Number of malaria positive cases by rapid diagnostic test (RDT),2017,80 371
Myanmar,Number of malaria positive cases by rapid diagnostic test (RDT),2016,103 429
Myanmar,Number of malaria positive cases by rapid diagnostic test (RDT),2015,176 163
Myanmar,Number of malaria positive cases by rapid diagnostic test (RDT),2014,193 648
Myanmar,Number of malaria positive cases by rapid diagnostic test (RDT),2013,307 362
Myanmar,Number of malaria positive cases by rapid diagnostic test (RDT),2012,405 984
Myanmar,Number of malaria positive cases by rapid diagnostic test (RDT),2011,373 542
Myanmar,Number of malaria positive cases by rapid diagnostic test (RDT),2010,317 523
Namibia,Number of malaria positive cases by rapid diagnostic test (RDT),2020,13 636
Namibia,Number of malaria positive cases by rapid diagnostic test (RDT),2019,3 428
Namibia,Number of malaria positive cases by rapid diagnostic test (RDT),2018,36 451
Namibia,Number of malaria positive cases by rapid diagnostic test (RDT),2017,66 141
Namibia,Number of malaria positive cases by rapid diagnostic test (RDT),2016,24 869
Namibia,Number of malaria positive cases by rapid diagnostic test (RDT),2015,12 050
Namibia,Number of malaria positive cases by rapid diagnostic test (RDT),2014,15 692
Namibia,Number of malaria positive cases by rapid diagnostic test (RDT),2013,4 775
Namibia,Number of malaria positive cases by rapid diagnostic test (RDT),2011,1 525
Nepal,Number of malaria positive cases by rapid diagnostic test (RDT),2020,401
Nepal,Number of malaria positive cases by rapid diagnostic test (RDT),2019,608
Nepal,Number of malaria positive cases by rapid diagnostic test (RDT),2018,34
Nepal,Number of malaria positive cases by rapid diagnostic test (RDT),2017,449
Nepal,Number of malaria positive cases by rapid diagnostic test (RDT),2015,725
Nepal,Number of malaria positive cases by rapid diagnostic test (RDT),2013,777
Nepal,Number of malaria positive cases by rapid diagnostic test (RDT),2012,1 571
Nepal,Number of malaria positive cases by rapid diagnostic test (RDT),2011,1 504
Nepal,Number of malaria positive cases by rapid diagnostic test (RDT),2010,779
Nicaragua,Number of malaria positive cases by rapid diagnostic test (RDT),2020,6 731
Nicaragua,Number of malaria positive cases by rapid diagnostic test (RDT),2019,889
Niger,Number of malaria positive cases by rapid diagnostic test (RDT),2020,4 154 337
Niger,Number of malaria positive cases by rapid diagnostic test (RDT),2019,3 559 668
Niger,Number of malaria positive cases by rapid diagnostic test (RDT),2018,2 924 793
Niger,Number of malaria positive cases by rapid diagnostic test (RDT),2017,2 635 412
Niger,Number of malaria positive cases by rapid diagnostic test (RDT),2016,2 137 595
Niger,Number of malaria positive cases by rapid diagnostic test (RDT),2015,2 185 448
Niger,Number of malaria positive cases by rapid diagnostic test (RDT),2014,2 010 489
Niger,Number of malaria positive cases by rapid diagnostic test (RDT),2013,1 196 880
Niger,Number of malaria positive cases by rapid diagnostic test (RDT),2012,1 209 331
Niger,Number of malaria positive cases by rapid diagnostic test (RDT),2011,770 056
Niger,Number of malaria positive cases by rapid diagnostic test (RDT),2010,593 489
Nigeria,Number of malaria positive cases by rapid diagnostic test (RDT),2020,16 013 077
Nigeria,Number of malaria positive cases by rapid diagnostic test (RDT),2019,17 330 401
Nigeria,Number of malaria positive cases by rapid diagnostic test (RDT),2018,13 524 751
Nigeria,Number of malaria positive cases by rapid diagnostic test (RDT),2017,12 338 760
Nigeria,Number of malaria positive cases by rapid diagnostic test (RDT),2016,12 979 919
Nigeria,Number of malaria positive cases by rapid diagnostic test (RDT),2015,7 511 712
Nigeria,Number of malaria positive cases by rapid diagnostic test (RDT),2014,7 338 668
Nigeria,Number of malaria positive cases by rapid diagnostic test (RDT),2010,27 674
Pakistan,Number of malaria positive cases by rapid diagnostic test (RDT),2020,287 969
Pakistan,Number of malaria positive cases by rapid diagnostic test (RDT),2019,287 729
Pakistan,Number of malaria positive cases by rapid diagnostic test (RDT),2018,255 411
Pakistan,Number of malaria positive cases by rapid diagnostic test (RDT),2017,237 237
Pakistan,Number of malaria positive cases by rapid diagnostic test (RDT),2016,169 925
Pakistan,Number of malaria positive cases by rapid diagnostic test (RDT),2015,64 612
Pakistan,Number of malaria positive cases by rapid diagnostic test (RDT),2014,81 197
Pakistan,Number of malaria positive cases by rapid diagnostic test (RDT),2013,85 677
Pakistan,Number of malaria positive cases by rapid diagnostic test (RDT),2012,40 255
Pakistan,Number of malaria positive cases by rapid diagnostic test (RDT),2011,46 997
Pakistan,Number of malaria positive cases by rapid diagnostic test (RDT),2010,19 721
Panama,Number of malaria positive cases by rapid diagnostic test (RDT),2020,2 109
Panama,Number of malaria positive cases by rapid diagnostic test (RDT),2019,388
Panama,Number of malaria positive cases by rapid diagnostic test (RDT),2018,424
Panama,Number of malaria positive cases by rapid diagnostic test (RDT),2016,5
Panama,Number of malaria positive cases by rapid diagnostic test (RDT),2015,3
Papua New Guinea,Number of malaria positive cases by rapid diagnostic test (RDT),2020,723 329
Papua New Guinea,Number of malaria positive cases by rapid diagnostic test (RDT),2019,606 964
Papua New Guinea,Number of malaria positive cases by rapid diagnostic test (RDT),2018,456 597
Papua New Guinea,Number of malaria positive cases by rapid diagnostic test (RDT),2017,418 429
Papua New Guinea,Number of malaria positive cases by rapid diagnostic test (RDT),2016,454 347
Papua New Guinea,Number of malaria positive cases by rapid diagnostic test (RDT),2015,281 712
Papua New Guinea,Number of malaria positive cases by rapid diagnostic test (RDT),2014,245 918
Papua New Guinea,Number of malaria positive cases by rapid diagnostic test (RDT),2013,245 467
Papua New Guinea,Number of malaria positive cases by rapid diagnostic test (RDT),2012,82 993
Papua New Guinea,Number of malaria positive cases by rapid diagnostic test (RDT),2011,13 457
Papua New Guinea,Number of malaria positive cases by rapid diagnostic test (RDT),2010,17 971
Paraguay,Number of malaria positive cases by rapid diagnostic test (RDT),2016,1
Paraguay,Number of malaria positive cases by rapid diagnostic test (RDT),2015,1
Peru,Number of malaria positive cases by rapid diagnostic test (RDT),2018,1 000
Peru,Number of malaria positive cases by rapid diagnostic test (RDT),2017,2 325
Peru,Number of malaria positive cases by rapid diagnostic test (RDT),2015,463
Peru,Number of malaria positive cases by rapid diagnostic test (RDT),2011,34
Peru,Number of malaria positive cases by rapid diagnostic test (RDT),2010,1
Philippines,Number of malaria positive cases by rapid diagnostic test (RDT),2020,4 891
Philippines,Number of malaria positive cases by rapid diagnostic test (RDT),2019,4 408
Philippines,Number of malaria positive cases by rapid diagnostic test (RDT),2018,4 072
Philippines,Number of malaria positive cases by rapid diagnostic test (RDT),2017,5 917
Philippines,Number of malaria positive cases by rapid diagnostic test (RDT),2016,3 820
Philippines,Number of malaria positive cases by rapid diagnostic test (RDT),2015,5 716
Philippines,Number of malaria positive cases by rapid diagnostic test (RDT),2014,2 469
Philippines,Number of malaria positive cases by rapid diagnostic test (RDT),2013,1 894
Philippines,Number of malaria positive cases by rapid diagnostic test (RDT),2012,953
Philippines,Number of malaria positive cases by rapid diagnostic test (RDT),2011,31
Philippines,Number of malaria positive cases by rapid diagnostic test (RDT),2010,542
Republic of Korea,Number of malaria positive cases by rapid diagnostic test (RDT),2019,94
Republic of Korea,Number of malaria positive cases by rapid diagnostic test (RDT),2018,429
Republic of Korea,Number of malaria positive cases by rapid diagnostic test (RDT),2017,372
Republic of Korea,Number of malaria positive cases by rapid diagnostic test (RDT),2016,454
Republic of Korea,Number of malaria positive cases by rapid diagnostic test (RDT),2015,452
Rwanda,Number of malaria positive cases by rapid diagnostic test (RDT),2020,1 549 912
Rwanda,Number of malaria positive cases by rapid diagnostic test (RDT),2019,2 468 060
Rwanda,Number of malaria positive cases by rapid diagnostic test (RDT),2018,2 574 090
Rwanda,Number of malaria positive cases by rapid diagnostic test (RDT),2017,3 012 753
Rwanda,Number of malaria positive cases by rapid diagnostic test (RDT),2016,463 666
Rwanda,Number of malaria positive cases by rapid diagnostic test (RDT),2015,151 394
Rwanda,Number of malaria positive cases by rapid diagnostic test (RDT),2014,81 987
Rwanda,Number of malaria positive cases by rapid diagnostic test (RDT),2013,83 302
Rwanda,Number of malaria positive cases by rapid diagnostic test (RDT),2012,61 246
Rwanda,Number of malaria positive cases by rapid diagnostic test (RDT),2011,64 435
Rwanda,Number of malaria positive cases by rapid diagnostic test (RDT),2010,30 653
Sao Tome and Principe,Number of malaria positive cases by rapid diagnostic test (RDT),2020,400
Sao Tome and Principe,Number of malaria positive cases by rapid diagnostic test (RDT),2019,2 436
Sao Tome and Principe,Number of malaria positive cases by rapid diagnostic test (RDT),2018,2 792
Sao Tome and Principe,Number of malaria positive cases by rapid diagnostic test (RDT),2017,2 132
Sao Tome and Principe,Number of malaria positive cases by rapid diagnostic test (RDT),2016,2 205
Sao Tome and Principe,Number of malaria positive cases by rapid diagnostic test (RDT),2015,1 918
Sao Tome and Principe,Number of malaria positive cases by rapid diagnostic test (RDT),2014,1 185
Sao Tome and Principe,Number of malaria positive cases by rapid diagnostic test (RDT),2013,2 891
Sao Tome and Principe,Number of malaria positive cases by rapid diagnostic test (RDT),2012,1 844
Sao Tome and Principe,Number of malaria positive cases by rapid diagnostic test (RDT),2011,2 069
Sao Tome and Principe,Number of malaria positive cases by rapid diagnostic test (RDT),2010,507
Saudi Arabia,Number of malaria positive cases by rapid diagnostic test (RDT),2020,3 205
Saudi Arabia,Number of malaria positive cases by rapid diagnostic test (RDT),2019,2 152
Senegal,Number of malaria positive cases by rapid diagnostic test (RDT),2020,441 432
Senegal,Number of malaria positive cases by rapid diagnostic test (RDT),2019,345 356
Senegal,Number of malaria positive cases by rapid diagnostic test (RDT),2018,526 947
Senegal,Number of malaria positive cases by rapid diagnostic test (RDT),2017,385 243
Senegal,Number of malaria positive cases by rapid diagnostic test (RDT),2016,339 622
Senegal,Number of malaria positive cases by rapid diagnostic test (RDT),2015,474 407
Sierra Leone,Number of malaria positive cases by rapid diagnostic test (RDT),2020,654 005
Sierra Leone,Number of malaria positive cases by rapid diagnostic test (RDT),2019,2 372 450
Sierra Leone,Number of malaria positive cases by rapid diagnostic test (RDT),2018,1 725 112
Sierra Leone,Number of malaria positive cases by rapid diagnostic test (RDT),2017,1 645 519
Sierra Leone,Number of malaria positive cases by rapid diagnostic test (RDT),2016,1 714 848
Sierra Leone,Number of malaria positive cases by rapid diagnostic test (RDT),2015,1 445 556
Sierra Leone,Number of malaria positive cases by rapid diagnostic test (RDT),2014,1 335 062
Sierra Leone,Number of malaria positive cases by rapid diagnostic test (RDT),2013,1 625 881
Sierra Leone,Number of malaria positive cases by rapid diagnostic test (RDT),2012,1 432 789
Sierra Leone,Number of malaria positive cases by rapid diagnostic test (RDT),2011,613 348
Sierra Leone,Number of malaria positive cases by rapid diagnostic test (RDT),2010,715 555
Solomon Islands,Number of malaria positive cases by rapid diagnostic test (RDT),2020,58 016
Solomon Islands,Number of malaria positive cases by rapid diagnostic test (RDT),2019,54 528
Solomon Islands,Number of malaria positive cases by rapid diagnostic test (RDT),2018,41 366
Solomon Islands,Number of malaria positive cases by rapid diagnostic test (RDT),2017,36 541
Solomon Islands,Number of malaria positive cases by rapid diagnostic test (RDT),2016,28 245
Solomon Islands,Number of malaria positive cases by rapid diagnostic test (RDT),2015,9 205
Solomon Islands,Number of malaria positive cases by rapid diagnostic test (RDT),2014,4 539
Solomon Islands,Number of malaria positive cases by rapid diagnostic test (RDT),2013,4 069
Solomon Islands,Number of malaria positive cases by rapid diagnostic test (RDT),2012,2 479
Solomon Islands,Number of malaria positive cases by rapid diagnostic test (RDT),2011,3 455
Solomon Islands,Number of malaria positive cases by rapid diagnostic test (RDT),2010,4 331
Somalia,Number of malaria positive cases by rapid diagnostic test (RDT),2020,27 333
Somalia,Number of malaria positive cases by rapid diagnostic test (RDT),2019,39 687
Somalia,Number of malaria positive cases by rapid diagnostic test (RDT),2018,31 021
Somalia,Number of malaria positive cases by rapid diagnostic test (RDT),2017,35 138
Somalia,Number of malaria positive cases by rapid diagnostic test (RDT),2016,35 628
Somalia,Number of malaria positive cases by rapid diagnostic test (RDT),2015,20 953
Somalia,Number of malaria positive cases by rapid diagnostic test (RDT),2014,11 001
Somalia,Number of malaria positive cases by rapid diagnostic test (RDT),2013,7 407
Somalia,Number of malaria positive cases by rapid diagnostic test (RDT),2012,6 817
Somalia,Number of malaria positive cases by rapid diagnostic test (RDT),2011,1 724
Somalia,Number of malaria positive cases by rapid diagnostic test (RDT),2010,19 204
South Africa,Number of malaria positive cases by rapid diagnostic test (RDT),2020,8 126
South Africa,Number of malaria positive cases by rapid diagnostic test (RDT),2019,13 356
South Africa,Number of malaria positive cases by rapid diagnostic test (RDT),2018,8 123
South Africa,Number of malaria positive cases by rapid diagnostic test (RDT),2017,20 023
South Africa,Number of malaria positive cases by rapid diagnostic test (RDT),2016,3 104
South Africa,Number of malaria positive cases by rapid diagnostic test (RDT),2015,4 174
South Africa,Number of malaria positive cases by rapid diagnostic test (RDT),2014,7 604
South Africa,Number of malaria positive cases by rapid diagnostic test (RDT),2013,6 073
South Africa,Number of malaria positive cases by rapid diagnostic test (RDT),2012,4 989
South Africa,Number of malaria positive cases by rapid diagnostic test (RDT),2011,3 880
South Africa,Number of malaria positive cases by rapid diagnostic test (RDT),2010,4 273
South Sudan,Number of malaria positive cases by rapid diagnostic test (RDT),2020,192 095
South Sudan,Number of malaria positive cases by rapid diagnostic test (RDT),2019,1 902 505
South Sudan,Number of malaria positive cases by rapid diagnostic test (RDT),2018,98 209
South Sudan,Number of malaria positive cases by rapid diagnostic test (RDT),2017,1 152 363
South Sudan,Number of malaria positive cases by rapid diagnostic test (RDT),2016,5 262
South Sudan,Number of malaria positive cases by rapid diagnostic test (RDT),2015,13 099
South Sudan,Number of malaria positive cases by rapid diagnostic test (RDT),2014,53 033
Sri Lanka,Number of malaria positive cases by rapid diagnostic test (RDT),2020,0
Sri Lanka,Number of malaria positive cases by rapid diagnostic test (RDT),2019,2
Sri Lanka,Number of malaria positive cases by rapid diagnostic test (RDT),2018,0
Sri Lanka,Number of malaria positive cases by rapid diagnostic test (RDT),2017,19
Sri Lanka,Number of malaria positive cases by rapid diagnostic test (RDT),2016,1
Sri Lanka,Number of malaria positive cases by rapid diagnostic test (RDT),2015,1
Sri Lanka,Number of malaria positive cases by rapid diagnostic test (RDT),2014,4
Sri Lanka,Number of malaria positive cases by rapid diagnostic test (RDT),2013,2
Sri Lanka,Number of malaria positive cases by rapid diagnostic test (RDT),2012,19
Sudan,Number of malaria positive cases by rapid diagnostic test (RDT),2020,435 553
Sudan,Number of malaria positive cases by rapid diagnostic test (RDT),2019,343 769
Sudan,Number of malaria positive cases by rapid diagnostic test (RDT),2018,386 473
Sudan,Number of malaria positive cases by rapid diagnostic test (RDT),2017,212 016
Sudan,Number of malaria positive cases by rapid diagnostic test (RDT),2016,187 707
Sudan,Number of malaria positive cases by rapid diagnostic test (RDT),2014,489 468
Sudan,Number of malaria positive cases by rapid diagnostic test (RDT),2010,95 192
Suriname,Number of malaria positive cases by rapid diagnostic test (RDT),2020,6
Suriname,Number of malaria positive cases by rapid diagnostic test (RDT),2019,6
Suriname,Number of malaria positive cases by rapid diagnostic test (RDT),2018,17
Suriname,Number of malaria positive cases by rapid diagnostic test (RDT),2017,160
Suriname,Number of malaria positive cases by rapid diagnostic test (RDT),2016,11
Suriname,Number of malaria positive cases by rapid diagnostic test (RDT),2015,31
Suriname,Number of malaria positive cases by rapid diagnostic test (RDT),2014,303
Suriname,Number of malaria positive cases by rapid diagnostic test (RDT),2013,199
Suriname,Number of malaria positive cases by rapid diagnostic test (RDT),2012,248
Suriname,Number of malaria positive cases by rapid diagnostic test (RDT),2011,20
Suriname,Number of malaria positive cases by rapid diagnostic test (RDT),2010,190
Thailand,Number of malaria positive cases by rapid diagnostic test (RDT),2020,1 148
Thailand,Number of malaria positive cases by rapid diagnostic test (RDT),2019,1 251
Thailand,Number of malaria positive cases by rapid diagnostic test (RDT),2018,1 579
Thailand,Number of malaria positive cases by rapid diagnostic test (RDT),2017,4 286
Thailand,Number of malaria positive cases by rapid diagnostic test (RDT),2016,6 499
Thailand,Number of malaria positive cases by rapid diagnostic test (RDT),2015,9 405
Thailand,Number of malaria positive cases by rapid diagnostic test (RDT),2014,3 297
Thailand,Number of malaria positive cases by rapid diagnostic test (RDT),2013,8 300
Thailand,Number of malaria positive cases by rapid diagnostic test (RDT),2012,14 326
Thailand,Number of malaria positive cases by rapid diagnostic test (RDT),2011,10 419
Thailand,Number of malaria positive cases by rapid diagnostic test (RDT),2010,9 511
Timor-Leste,Number of malaria positive cases by rapid diagnostic test (RDT),2020,3
Timor-Leste,Number of malaria positive cases by rapid diagnostic test (RDT),2019,7
Timor-Leste,Number of malaria positive cases by rapid diagnostic test (RDT),2014,64
Timor-Leste,Number of malaria positive cases by rapid diagnostic test (RDT),2013,198
Timor-Leste,Number of malaria positive cases by rapid diagnostic test (RDT),2012,310
Timor-Leste,Number of malaria positive cases by rapid diagnostic test (RDT),2010,7 887
Togo,Number of malaria positive cases by rapid diagnostic test (RDT),2019,2 136 565
Togo,Number of malaria positive cases by rapid diagnostic test (RDT),2018,1 773 610
Togo,Number of malaria positive cases by rapid diagnostic test (RDT),2017,1 546 956
Togo,Number of malaria positive cases by rapid diagnostic test (RDT),2016,1 514 415
Togo,Number of malaria positive cases by rapid diagnostic test (RDT),2015,1 293 133
Togo,Number of malaria positive cases by rapid diagnostic test (RDT),2014,1 214 132
Togo,Number of malaria positive cases by rapid diagnostic test (RDT),2013,692 848
Togo,Number of malaria positive cases by rapid diagnostic test (RDT),2012,648 594
Togo,Number of malaria positive cases by rapid diagnostic test (RDT),2011,282 145
Togo,Number of malaria positive cases by rapid diagnostic test (RDT),2010,812 958
Uganda,Number of malaria positive cases by rapid diagnostic test (RDT),2020,12 548 724
Uganda,Number of malaria positive cases by rapid diagnostic test (RDT),2019,12 359 786
Uganda,Number of malaria positive cases by rapid diagnostic test (RDT),2018,5 300 265
Uganda,Number of malaria positive cases by rapid diagnostic test (RDT),2017,9 973 390
Uganda,Number of malaria positive cases by rapid diagnostic test (RDT),2016,8 193 758
Uganda,Number of malaria positive cases by rapid diagnostic test (RDT),2015,6 164 171
Uganda,Number of malaria positive cases by rapid diagnostic test (RDT),2014,3 053 650
Uganda,Number of malaria positive cases by rapid diagnostic test (RDT),2012,1 249 109
Uganda,Number of malaria positive cases by rapid diagnostic test (RDT),2011,97 147
United Republic of Tanzania,Number of malaria positive cases by rapid diagnostic test (RDT),2020,5 681 861
United Republic of Tanzania,Number of malaria positive cases by rapid diagnostic test (RDT),2019,5 546 911
United Republic of Tanzania,Number of malaria positive cases by rapid diagnostic test (RDT),2018,5 221 811
United Republic of Tanzania,Number of malaria positive cases by rapid diagnostic test (RDT),2017,4 828 165
United Republic of Tanzania,Number of malaria positive cases by rapid diagnostic test (RDT),2016,4 499 694
United Republic of Tanzania,Number of malaria positive cases by rapid diagnostic test (RDT),2015,4 489 951
United Republic of Tanzania,Number of malaria positive cases by rapid diagnostic test (RDT),2014,107 963
United Republic of Tanzania,Number of malaria positive cases by rapid diagnostic test (RDT),2013,72 879
United Republic of Tanzania,Number of malaria positive cases by rapid diagnostic test (RDT),2012,214 893
United Republic of Tanzania,Number of malaria positive cases by rapid diagnostic test (RDT),2011,337 582
United Republic of Tanzania,Number of malaria positive cases by rapid diagnostic test (RDT),2010,1 974
Vanuatu,Number of malaria positive cases by rapid diagnostic test (RDT),2020,485
Vanuatu,Number of malaria positive cases by rapid diagnostic test (RDT),2019,550
Vanuatu,Number of malaria positive cases by rapid diagnostic test (RDT),2018,591
Vanuatu,Number of malaria positive cases by rapid diagnostic test (RDT),2017,1 108
Vanuatu,Number of malaria positive cases by rapid diagnostic test (RDT),2016,2 027
Vanuatu,Number of malaria positive cases by rapid diagnostic test (RDT),2015,556
Vanuatu,Number of malaria positive cases by rapid diagnostic test (RDT),2014,1 124
Vanuatu,Number of malaria positive cases by rapid diagnostic test (RDT),2013,2 116
Vanuatu,Number of malaria positive cases by rapid diagnostic test (RDT),2012,3 799
Vanuatu,Number of malaria positive cases by rapid diagnostic test (RDT),2011,4 102
Vanuatu,Number of malaria positive cases by rapid diagnostic test (RDT),2010,5 804
Venezuela (Bolivarian Republic of),Number of malaria positive cases by rapid diagnostic test (RDT),2020,69 884
Venezuela (Bolivarian Republic of),Number of malaria positive cases by rapid diagnostic test (RDT),2019,64 053
Venezuela (Bolivarian Republic of),Number of malaria positive cases by rapid diagnostic test (RDT),2018,48 117
Viet Nam,Number of malaria positive cases by rapid diagnostic test (RDT),2020,1 168
Viet Nam,Number of malaria positive cases by rapid diagnostic test (RDT),2019,3 243
Viet Nam,Number of malaria positive cases by rapid diagnostic test (RDT),2018,1 848
Viet Nam,Number of malaria positive cases by rapid diagnostic test (RDT),2017,1 594
Yemen,Number of malaria positive cases by rapid diagnostic test (RDT),2020,67 058
Yemen,Number of malaria positive cases by rapid diagnostic test (RDT),2019,61 549
Yemen,Number of malaria positive cases by rapid diagnostic test (RDT),2018,93 667
Yemen,Number of malaria positive cases by rapid diagnostic test (RDT),2017,114 397
Yemen,Number of malaria positive cases by rapid diagnostic test (RDT),2016,53 814
Yemen,Number of malaria positive cases by rapid diagnostic test (RDT),2015,34 207
Yemen,Number of malaria positive cases by rapid diagnostic test (RDT),2014,34 939
Yemen,Number of malaria positive cases by rapid diagnostic test (RDT),2013,39 294
Yemen,Number of malaria positive cases by rapid diagnostic test (RDT),2012,41 059
Yemen,Number of malaria positive cases by rapid diagnostic test (RDT),2011,30 203
Yemen,Number of malaria positive cases by rapid diagnostic test (RDT),2010,28 428
Zambia,Number of malaria positive cases by rapid diagnostic test (RDT),2020,7 992 924
Zambia,Number of malaria positive cases by rapid diagnostic test (RDT),2019,5 068 876
Zambia,Number of malaria positive cases by rapid diagnostic test (RDT),2018,4 989 824
Zambia,Number of malaria positive cases by rapid diagnostic test (RDT),2017,5 505 639
Zambia,Number of malaria positive cases by rapid diagnostic test (RDT),2016,4 851 319
Zambia,Number of malaria positive cases by rapid diagnostic test (RDT),2015,4 184 661
Zambia,Number of malaria positive cases by rapid diagnostic test (RDT),2014,4 077 547
Zimbabwe,Number of malaria positive cases by rapid diagnostic test (RDT),2020,447 381
Zimbabwe,Number of malaria positive cases by rapid diagnostic test (RDT),2019,308 173
Zimbabwe,Number of malaria positive cases by rapid diagnostic test (RDT),2018,264 018
Zimbabwe,Number of malaria positive cases by rapid diagnostic test (RDT),2017,468 276
Zimbabwe,Number of malaria positive cases by rapid diagnostic test (RDT),2016,314 003
Zimbabwe,Number of malaria positive cases by rapid diagnostic test (RDT),2015,482 379
Zimbabwe,Number of malaria positive cases by rapid diagnostic test (RDT),2014,548 276
Zimbabwe,Number of malaria positive cases by rapid diagnostic test (RDT),2013,422 633
Zimbabwe,Number of malaria positive cases by rapid diagnostic test (RDT),2012,276 963
Zimbabwe,Number of malaria positive cases by rapid diagnostic test (RDT),2011,319 935
Zimbabwe,Number of malaria positive cases by rapid diagnostic test (RDT),2010,249 379
